,name,price,brand,country,category
0,#1930 Samsung Galaxy S8 (SM-G950FD) Coral Blue (Лазурный коралл),25250,Samsung,South Korea,смартфон
1,#2209 Samsung Galaxy S9 64Gb Черный бриллиант,31880,Samsung,South Korea,смартфон
2,#2626 Apple iPhone Xr 256GB Yellow,65450,Apple,USA,смартфон
3,#2332 Xiaomi Mi8 6/128GB blue,24650,Xiaomi,China,смартфон
4,#2450 Xiaomi Mi8 6/64GB Blue Global,23990,Xiaomi,China,смартфон
5,#2661 Samsung Galaxy Note 9 128GB Snapdragon Blue (Синий),43980,Samsung,South Korea,смартфон
6,"#2420 Ноутбук Xiaomi Mi Notebook Air 13.3"" 2018 (Intel Core i5 8250U 1600 MHz/13.3""/1920x1080/8GB/256GB SSD/DVD нет/NVIDIA GeForce MX150/Wi-Fi/Bluetooth/Windows 10 Home) Silver",55790,Xiaomi,China,ноутбук
7,#2666 OnePlus 6 8/128GB Red (красный),27200,OnePlus,China,смартфон
8,#2141 Huawei Mate 10 64Gb Gold,33900,Huawei,China,смартфон
9,#2534 Apple iPhone Xr 64GB Yellow,49550,Apple,USA,смартфон
10,#2107 Samsung Galaxy Note 8 256GB Midnight Black,39650,Samsung,South Korea,смартфон
11,#2224 Samsung Galaxy S9+ 64Gb Титан,36950,Samsung,South Korea,смартфон
12,#2366 Xiaomi Mi Mix 2S 6/128Gb White Global,27100,Xiaomi,China,смартфон
13,#2156 LG G6 64GB platinum,25850,LG,South Korea,смартфон
14,#2096 Samsung Galaxy Note 8 128GB Midnight Black,49390,Samsung,South Korea,смартфон
15,#2676 LG V40 ThinQ 6/128Gb Красный,39540,LG,South Korea,смартфон
16,"#2755 Ноутбук Xiaomi Mi Notebook Air 12.5"" (Intel Core i5 7Y54 1200 MHz/12.5""/1920x1080/4GB/256GB SSD/DVD нет/Intel HD Graphics 615/Wi-Fi/Bluetooth/Windows 10 Home) Silver",43800,Xiaomi,China,ноутбук
17,#2622 Apple iPhone Xr 64GB Coral,49800,Apple,USA,смартфон
18,#2316 OnePlus 6 6/64Gb A6003 Mirror Black (черный глянцевый),33990,OnePlus,China,смартфон
19,#2333 Xiaomi Mi8 6/256GB blue,27600,Xiaomi,China,смартфон
20,#2530 Xiaomi Mi8 Lite 4/64GB Blue,15990,Xiaomi,China,смартфон
21,#2367 Xiaomi Mi8 6/128GB White,24990,Xiaomi,China,смартфон
22,#2480 Apple Watch Series 4 GPS 44mm Silver Aluminum Case with Seashell Sport Loop,29450,Apple,USA,умные часы
23,#2682 Samsung Galaxy S10+ 8/128Gb Перламутр,59930,Samsung,South Korea,смартфон
24,#2246 Huawei P20 128Gb Black,37250,Huawei,China,смартфон
25,#2424 Xiaomi Redmi Note 5 4/64Gb Gold Global,14390,Xiaomi,China,смартфон
26,#2746 Наушники Apple AirPods 2 (без беспроводной зарядки чехла),12510,Apple,USA,Bluetooth-наушники с микрофоном
27,#2647 Huawei Mate 20 6/128GB Blue,37170,Huawei,China,смартфон
28,#2750 Apple Watch Series 4 GPS 44mm Silver Aluminum Case with Pure Platinum/Black Nike Sport Band,29680,Apple,USA,умные часы
29,#2702 Samsung Galaxy Buds Белые,8199,Samsung,South Korea,Bluetooth-наушники с микрофоном
30,#2221 Samsung Galaxy S9+ 128Gb Ультрафиолет,39270,Samsung,South Korea,смартфон
31,"#2628 Ноутбук Xiaomi Mi Notebook Pro 15.6 GTX (Intel Core i5 8250U 1600 MHz/15.6""/1920x1080/8GB/256GB SSD/DVD нет/NVIDIA GeForce GTX 1050/Wi-Fi/Bluetooth/Windows 10 Home)",64330,Xiaomi,China,ноутбук
32,#2728 Xiaomi Mi9 6/128GB Black Global,36600,Xiaomi,China,смартфон
33,#2236 Samsung Galaxy S9+ 128Gb Coral Blue,38740,Samsung,South Korea,смартфон
34,#2567 OnePlus 6T 8/128GB Mirror Black,33770,OnePlus,China,смартфон
35,#2670 Apple iPhone Xr 128GB Dual Sim Red,55990,Apple,USA,смартфон
36,#2322 Xiaomi Mi8 6/64GB Black,20820,Xiaomi,China,смартфон
37,#1932 Samsung Galaxy S8+ 64Gb SM-G955FD Orchid Gray (Мистический аметист),27720,Samsung,South Korea,смартфон
38,#2532 Xiaomi Mi8 Lite 6/128GB Black,17070,Xiaomi,China,смартфон
39,#2635 Apple iPhone Xr 128GB Coral,54300,Apple,USA,смартфон
40,#2245 Samsung Galaxy S9+ 64Gb Ультрафиолет,36790,Samsung,South Korea,смартфон
41,#2475 Apple iPhone Xs Max 512GB Dual SIM Gold,101500,Apple,USA,смартфон
42,#2684 Samsung Galaxy S10 8/128Gb Оникс,51450,Samsung,South Korea,смартфон
43,#2672 Apple iPhone Xr 128GB Dual Sim Coral,55490,Apple,USA,смартфон
44,#2069 Samsung Galaxy Note 8 64Gb Midnight Black,35200,Samsung,South Korea,смартфон
45,#2731 Наушники Huawei FreeBuds 2 Pro Black,8850,Huawei,China,Bluetooth-наушники с микрофоном
46,#2276 Xiaomi Redmi Note 5 3/32Gb Gold,11250,Xiaomi,China,смартфон
47,#2324 GarmiH Forerunner 235 Lava Red,14250,GarmiH,USA,умные часы
48,#2258 Huawei P20 128Gb Blue,27610,Huawei,China,смартфон
49,#2678 Garmih Vivoactive 3 Black,16300,GarmiH,USA,умные часы
50,#2637 Google Pixel 3 64GB Black,45380,Google,USA,смартфон
51,#2726 Xiaomi Mi9 6/64GB Blue,37990,Xiaomi,China,смартфон
52,#2497 Apple iPhone Xr 64GB Black,49880,Apple,USA,смартфон
53,#2641 Смарт часы Samsung Gear Sport Blue,11650,Samsung,South Korea,умные часы
54,#2685 Samsung Galaxy S10 8/128Gb Перламутр,50230,Samsung,South Korea,смартфон
55,"#2369 Ноутбук Xiaomi Mi Notebook Pro 15.6 (Intel Core i5 8250U 1600 MHz/15.6""/1920x1080/8Gb/256Gb SSD/DVD нет/NVIDIA GeForce MX150/Wi-Fi/Bluetooth/Windows 10 Home)",56450,Xiaomi,China,ноутбук
56,#2681 Samsung Galaxy S10+ 8/128Gb Оникс,56870,Samsung,South Korea,смартфон
57,#2286 OnePlus 6 8/256GB Midnight Black (черный матовый),29390,OnePlus,China,смартфон
58,#2423 Xiaomi Redmi Note 5 4/64Gb Black Global,12490,Xiaomi,China,смартфон
59,#2226 GarmiH Fenix 5X Sapphire Black,36700,GarmiH,USA,умные часы
60,#1927 Samsung Galaxy S8 (SM-G950FD) Orchid Gray (Мистический аметист),25440,Samsung,South Korea,смартфон
61,#2381 Xiaomi Mi8 6/256Gb Gold,27600,Xiaomi,China,смартфон
62,#2158 GarmiH Vivoactive HR black,14990,GarmiH,USA,умные часы
63,#2232 Sony Xperia XZ2 Black,35330,Sony,Japan,смартфон
64,#2190 Google Pixel 2 64Gb Blue,32980,Google,USA,смартфон
65,#2707 Xiaomi Redmi Note 7 4/64Gb Black Global,13250,Xiaomi,China,смартфон
66,#2749 Huawei P30 Pro 8/256Gb Black,62300,Huawei,China,смартфон
67,#2072 Samsung Galaxy Note 8 64Gb Coral Blue,32880,Samsung,South Korea,смартфон
68,#2331 Xiaomi Mi8 6/64GB white,23200,Xiaomi,China,смартфон
69,"#2649 Ноутбук Xiaomi Mi Notebook Air 13.3"" 2018 (Intel Core i3 8130U 2200 MHz/13.3""/1920x1080/8GB/128GB SSD/DVD нет/Intel UHD Graphics 620/Wi-Fi/Bluetooth/Windows 10 Home) Silver",47790,Xiaomi,China,ноутбук
70,#2148 Huawei Mate 10 Pro 6/128GB Dual Sim Brown (L29),38700,Huawei,China,смартфон
71,#2261 LG V30+ Violet Bang&Olufsen,27900,LG,South Korea,смартфон
72,#2536 Apple iPhone Xr 128GB Black,54400,Apple,USA,смартфон
73,#2747 Наушники Apple AirPods 2 (беспроводная зарядка чехла),15170,Apple,USA,Bluetooth-наушники с микрофоном
74,#2729 Xiaomi Mi9 6/128GB Blue,41990,Xiaomi,China,смартфон
75,"#2448 Ноутбук Xiaomi Mi Notebook Air 13.3"" 2018 (Intel Core i5 8250U 1600 MHz/13.3""/1920x1080/8GB/256GB SSD/DVD нет/NVIDIA GeForce MX150/Wi-Fi/Bluetooth/Windows 10 Home) Gray",55140,Xiaomi,China,ноутбук
76,#2496 Apple iPhone Xr 64GB White,53490,Apple,USA,смартфон
77,#2415 Xiaomi Redmi Note 5 6/64Gb Gold,14350,Xiaomi,China,смартфон
78,#2470 Apple iPhone Xs Max 256GB Dual SIM Black,90900,Apple,USA,смартфон
79,#2469 Apple iPhone Xs 256GB Gold,83900,Apple,USA,смартфон
80,#2730 Xiaomi Mi9 6/128GB Purple,41990,Xiaomi,China,смартфон
81,#1935 Samsung Galaxy S8+ 64Gb SM-G955FD Coral Blue (Лазурный коралл),31990,Samsung,South Korea,смартфон
82,#2460 Samsung Galaxy Watch (46 mm) Silver,16940,Samsung,South Korea,умные часы
83,#2277 Xiaomi Redmi Note 5 3/32Gb Blue,11600,Xiaomi,China,смартфон
84,#2648 Huawei Mate 20 Pro 6/128Gb Black,51490,Huawei,China,смартфон
85,#1926 Samsung Galaxy S8 (SM-G950FD) Midnight Black (Черный бриллиант),25920,Samsung,South Korea,смартфон
86,#2689 Samsung Galaxy S10e 6/128Gb Аквамарин,42760,Samsung,South Korea,смартфон
87,#2565 Samsung Galaxy S9 64Gb Ультрафиолет (Snapdragon 845),37300,Samsung,South Korea,смартфон
88,#2422 Sony Xperia XZ2 Premium Silver,49500,Sony,Japan,смартфон
89,#2259 Samsung Galaxy S9+ 128Gb Титан,42700,Samsung,South Korea,смартфон
90,#2379 GarmiH Fenix 5S Sapphire Rose Gold with White Band,38400,GarmiH,USA,умные часы
91,#2527 Samsung Galaxy S9+ 128Gb Burgundy Red,41490,Samsung,South Korea,смартфон
92,#2113 Google Pixel 2 128Gb Just Black,45700,Google,USA,смартфон
93,#2499 Samsung Galaxy Note 9 512GB Ocean Blue (Синий),59500,Samsung,South Korea,смартфон
94,#2112 Google Pixel 2 64Gb Just Black,33490,Google,USA,смартфон
95,#2490 Apple Watch Series 4 GPS 40mm Silver Aluminum Case with White Sport Band (MU642),27780,Apple,USA,умные часы
96,"#2384 Ноутбук Xiaomi Mi Notebook Air 12.5"" (Intel Core m3 7Y30 1000 MHz/12.5""/1920x1080/4Gb/128Gb SSD/DVD нет/Intel HD Graphics 615/Wi-Fi/Bluetooth/Windows 10 Home) Gold",39490,Xiaomi,China,ноутбук
97,#2326 Фитнес-браслет Xiaomi Mi Band 3 Черный,2190,Xiaomi,China,фитнес-браслет
98,#2619 Samsung Galaxy Note 9 128GB Snapdragon Black (Черный),44090,Samsung,South Korea,смартфон
99,#2421 Samsung Galaxy Note 9 128GB Lavender Purple (Розовый),43860,Samsung,South Korea,смартфон
100,#2464 Apple iPhone Xs 256GB Space Gray,84080,Apple,USA,смартфон
101,#2126 Huawei Mate 10 64Gb Black,32900,Huawei,China,смартфон
102,#2540 Фитнес-браслет Xiaomi Mi Band 2 Черный,1590,Xiaomi,China,фитнес-браслет
103,#2459 Samsung Galaxy Watch (42 mm) Black,15980,Samsung,South Korea,умные часы
104,"#2621 Ноутбук Xiaomi Mi Notebook Air 13.3"" 2018 (Intel Core i7 8550U 1800 MHz/13.3""/1920x1080/8GB/256GB SSD/DVD нет/NVIDIA GeForce MX150/Wi-Fi/Bluetooth/Windows 10 Home) Silver",61250,Xiaomi,China,ноутбук
105,#2662 Samsung Galaxy S9+ 64Gb Золото,36780,Samsung,South Korea,смартфон
106,#2646 Huawei Mate 20 6/128GB Black,38100,Huawei,China,смартфон
107,#2001 Наушники Beats X Wireless Gray,7200,Beats,USA,Bluetooth-наушники с микрофоном
108,#2627 Apple iPhone Xr 256GB Black,61490,Apple,USA,смартфон
109,#2414 Xiaomi Redmi Note 5 6/64Gb Black,15400,Xiaomi,China,смартфон
110,"#2756 Ноутбук Xiaomi Mi Notebook 15.6 Lite (Intel Core i7 8550U 1800 MHz/15.6""/1920x1080/8GB/1128GB HDD+SSD/DVD нет/NVIDIA GeForce MX110/Wi-Fi/Bluetooth/Windows 10 Home) Black",53590,Xiaomi,China,ноутбук
111,#2500 GarmiH Fenix 5X Plus Sapphire Black,49490,GarmiH,USA,умные часы
112,#2690 Samsung Galaxy S10e 6/128Gb Цитрус,42760,Samsung,South Korea,смартфон
113,#2172 Huawei Mate 10 Pro 6/128GB Dual Sim Blue (L29),43680,Huawei,China,смартфон
114,#2618 Samsung Galaxy Note 9 512Gb Snapdragon Lavender Purple (Розовый),59350,Samsung,South Korea,смартфон
115,#2110 Samsung Galaxy Note 8 128Gb Orchid Gray,42600,Samsung,South Korea,смартфон
116,#2234 Samsung Galaxy S9+ 256Gb Ультрафиолет,59500,Samsung,South Korea,смартфон
117,#2154 LG G6 64GB black,24720,LG,South Korea,смартфон
118,#2711 Samsung Galaxy Watch Active Черный Сатин,13030,Samsung,South Korea,умные часы
119,#2688 Samsung Galaxy S10e 6/128Gb Перламутр,41980,Samsung,South Korea,смартфон
120,#2636 Apple iPhone Xr 128GB Yellow,54450,Apple,USA,смартфон
121,"#2695 Ноутбук Xiaomi Mi Notebook Pro 15.6 GTX (Intel Core i7 8550U 1800 MHz/15.6""/1920x1080/16GB/256GB SSD/DVD нет/NVIDIA GeForce GTX 1050/Wi-Fi/Bluetooth/Windows 10 Home)",82950,Xiaomi,China,ноутбук
122,#2712 Samsung Galaxy Watch Active Серебристый Лёд,13110,Samsung,South Korea,умные часы
123,#2210 Samsung Galaxy S9 64Gb Ультрафиолет,32550,Samsung,South Korea,смартфон
124,#2660 Наушники Xiaomi AirDots Pro,6540,Xiaomi,China,Bluetooth-наушники с микрофоном
125,#2714 Samsung Galaxy Watch Active Морская Глубина,13100,Samsung,South Korea,умные часы
126,#2130 Huawei Mate 10 64Gb Brown,32300,Huawei,China,смартфон
127,#2320 Xiaomi Mi8 6/128GB Black,24330,Xiaomi,China,смартфон
128,#2663 Беспроводные наушники Huawei Honor FlyPods Red,7990,Huawei,China,Bluetooth-наушники с микрофоном
129,"#2447 Ноутбук Xiaomi Mi Notebook Pro 15.6 (Intel Core i7 8550U 1800 MHz/15.6""/1920x1080/8Gb/256Gb SSD/DVD нет/NVIDIA GeForce MX150/Wi-Fi/Bluetooth/Windows 10 Home)",66250,Xiaomi,China,ноутбук
130,#2071 Samsung Galaxy Note 8 64Gb Maple Gold,32250,Samsung,South Korea,смартфон
131,#2283 OnePlus 6 6/64GB Mirror Black (черный глянцевый),31190,OnePlus,China,смартфон
132,#2127 Google Pixel 2 XL 64GB Black,45610,Google,USA,смартфон
133,#2465 Apple iPhone Xs Max 64GB Dual SIM Space Gray,88200,Apple,USA,смартфон
134,#1931 Samsung Galaxy S8+ 64Gb SM-G955FD Midnight Black (Черный бриллиант),29800,Samsung,South Korea,смартфон
135,#2704 Samsung Galaxy Buds Желтые,10990,Samsung,South Korea,Bluetooth-наушники с микрофоном
136,#2472 Apple iPhone Xs Max 256GB Dual SIM Gold,91800,Apple,USA,смартфон
137,#2482 Apple iPhone Xs 64GB Silver,73250,Apple,USA,смартфон
138,#2325 GarmiH Forerunner 935 Black,28200,GarmiH,USA,умные часы
139,#2267 Xiaomi Redmi Note 5 4/64Gb Gold,11840,Xiaomi,China,смартфон
140,#2417 Samsung Galaxy Note 9 128GB Black (Черный),43090,Samsung,South Korea,смартфон
141,#2111 Samsung Galaxy Note 8 256Gb Coral Blue,53550,Samsung,South Korea,смартфон
142,"#2650 Ноутбук Xiaomi Mi Notebook 15.6 Lite (Intel Core i5 8250U 1600 MHz/15.6""/1920x1080/8GB/1128GB HDD+SSD/DVD нет/NVIDIA GeForce MX110/Wi-Fi/Bluetooth/Windows 10 Home) Black",46550,Xiaomi,China,ноутбук
143,#2173 Наушники Samsung Gear IconX (2018) Black,8990,Samsung,South Korea,Bluetooth-наушники с микрофоном
144,"#2723 Xiaomi Mi Gaming Laptop Enhanced Edition (Intel Core i5 8300H 2300 MHz/15.6""/1920x1080/8GB/1256GB HDD+SSD/NVIDIA GeForce GTX 1060/Wi-Fi/Bluetooth/Windows 10 Home)",74300,Xiaomi,China,ноутбук
145,"#2370 Ноутбук Xiaomi Mi Notebook Pro 15.6 (Intel Core i7 8550U 1800 MHz/15.6""/1920x1080/16Gb/256Gb SSD/DVD нет/NVIDIA GeForce MX150/Wi-Fi/Bluetooth/Windows 10 Home)",70450,Xiaomi,China,ноутбук
146,#2248 Huawei P20 Pro 128Gb Blue,51990,Huawei,China,смартфон
147,#2463 Apple Watch Series 4 GPS 44mm Silver Aluminum Case with White Sport Band,27740,Apple,USA,умные часы
148,#2664 Беспроводные наушники Huawei Honor FlyPods Blue,7990,Huawei,China,Bluetooth-наушники с микрофоном
149,#2318 LG G7 ThinQ 64Gb Black,28770,LG,South Korea,смартфон
150,"#2526 Ноутбук Xiaomi Mi Notebook Air 13.3"" 2018 (Intel Core i7 8550U 1800 MHz/13.3""/1920x1080/8GB/256GB SSD/DVD нет/NVIDIA GeForce MX150/Wi-Fi/Bluetooth/Windows 10 Home) Gray",60580,Xiaomi,China,ноутбук
151,#2640 Беспроводные наушники Huawei Honor FlyPods White,7970,Huawei,China,Bluetooth-наушники с микрофоном
152,#2109 Samsung Galaxy Note 8 128Gb Coral Blue,45400,Samsung,South Korea,смартфон
153,#2128 Google Pixel 2 XL 128GB Black,49750,Google,USA,смартфон
154,"#2631 Ноутбук Xiaomi Mi Notebook Air 13.3"" 2018 (Intel Core i5 8250U 1600 MHz/13.3""/1920x1080/8GB/256GB SSD/DVD нет/Intel UHD Graphics 620/Wi-Fi/Bluetooth/Windows 10 Home) Silver",53500,Xiaomi,China,ноутбук
155,#2687 Samsung Galaxy S10e 6/128Gb Оникс,42050,Samsung,South Korea,смартфон
156,#2299 Xiaomi Mi Mix 2S 6/64Gb White Global,22780,Xiaomi,China,смартфон
157,#2495 Samsung Galaxy Watch (42 mm) Rose Gold,16390,Samsung,South Korea,умные часы
158,#2673 Apple iPhone Xr 128GB Dual Sim Yellow,55990,Apple,USA,смартфон
159,#2144 Google Pixel 2 128Gb White,47400,Google,USA,смартфон
160,#2473 Apple iPhone Xs Max 256GB Dual SIM White,91000,Apple,USA,смартфон
161,#2247 Huawei P20 Pro 128Gb Black,48340,Huawei,China,смартфон
162,#2339 Xiaomi Mi8 6/64GB Blue,23200,Xiaomi,China,смартфон
163,#2740 Xiaomi Redmi Note 7 4/128Gb Blue Global,16550,Xiaomi,China,смартфон
164,#2343 Xiaomi Redmi Note 5 4/64Gb Pink,11920,Xiaomi,China,смартфон
165,#2467 Apple iPhone Xs Max 64GB Dual SIM White,82880,Apple,USA,смартфон
166,#2237 Samsung Galaxy S9+ 64Gb Coral Blue,35990,Samsung,South Korea,смартфон
167,"#2385 Ноутбук Xiaomi Mi Notebook Air 12.5"" (Intel Core m3 7Y30 1000 MHz/12.5""/1920x1080/4Gb/128Gb SSD/DVD нет/Intel HD Graphics 615/Wi-Fi/Bluetooth/Windows 10 Home) Silver",39290,Xiaomi,China,ноутбук
168,#2150 LG V30+ Silver,26290,LG,South Korea,смартфон
169,#2479 Apple iPhone Xs 64GB Space Gray,71700,Apple,USA,смартфон
170,#2273 Xiaomi Mi Mix 2S 6/64GB Black Global,23590,Xiaomi,China,смартфон
171,#2466 Apple iPhone Xs Max 64GB Dual SIM Gold,88250,Apple,USA,смартфон
172,#2537 Apple iPhone Xr 128GB Red,54100,Apple,USA,смартфон
173,#2335 Браслет Samsung Gear Fit2 Pro Black,8750,Samsung,South Korea,фитнес-браслет
174,#2488 Samsung Galaxy S9 64Gb Sunrise Gold,32490,Samsung,South Korea,смартфон
175,#2279 Xiaomi Mi Mix 2S 6/128Gb Black,26450,Xiaomi,China,смартфон
176,#2638 Samsung Galaxy S9 256Gb Черный бриллиант,36550,Samsung,South Korea,смартфон
177,#2416 LG V30 H930D Black,27900,LG,South Korea,смартфон
178,#2341 OnePlus 6 8/128GB White (Белый),30900,OnePlus,China,смартфон
179,#2287 Samsung Galaxy S9 128GB черный бриллиант,34580,Samsung,South Korea,смартфон
180,#2677 Garmih Instinct Graphite,21750,GarmiH,USA,умные часы
181,#2225 GarmiH Fenix 5S Sapphire Black,38300,GarmiH,USA,умные часы
182,#2708 Xiaomi Redmi Note 7 4/64Gb Blue Global,14220,Xiaomi,China,смартфон
183,#2227 GarmiH Fenix 5 Gray,33600,GarmiH,USA,умные часы
184,#2616 Samsung Galaxy Note 9 512Gb Black (Черный),58700,Samsung,South Korea,смартфон
185,#2153 Huawei Mate 10 Pro 6/128GB Dual Sim Gray (L29),43000,Huawei,China,смартфон
186,#2471 Apple iPhone Xs 256GB Silver,87250,Apple,USA,смартфон
187,#2679 Garmih Vivomove HR Sport Black,12800,GarmiH,USA,умные часы
188,#2000 Наушники Beats X Wireless Blue,6970,Beats,USA,Bluetooth-наушники с микрофоном
189,#2458 Xiaomi Mi8 6/128GB White Global,27490,Xiaomi,China,смартфон
190,#2233 Sony Xperia XZ2 Compact Black,27620,Sony,Japan,смартфон
191,#1933 Samsung Galaxy S8+ 64Gb SM-G955FD Maple Gold (Желтый топаз),27710,Samsung,South Korea,смартфон
192,#2706 Sony Xperia 10 Dual 4/64GB Dual Black,19150,Sony,Japan,смартфон
193,#2478 Apple Watch Series 4 GPS 44mm Space Gray Aluminum Case with Black Sport Band,28180,Apple,USA,умные часы
194,#2211 Samsung Galaxy S9 64Gb Coral Blue,32400,Samsung,South Korea,смартфон
195,#2564 OnePlus 6T 6/128GB Mirror Black,32900,OnePlus,China,смартфон
196,#2754 Redmi 7 3/32GB Black,9900,Xiaomi,China,смартфон
197,#2493 Apple Watch Series 4 GPS 40mm Silver Aluminum Case with Seashell Sport Loop,28900,Apple,USA,умные часы
198,#2266 Xiaomi Redmi Note 5 4/64Gb Black,11980,Xiaomi,China,смартфон
199,#2535 Apple iPhone Xr 64GB Red,49510,Apple,USA,смартфон
200,#2659 Samsung Galaxy S9 128GB золотой,34890,Samsung,South Korea,смартфон
201,"#2757 Ноутбук Xiaomi Mi Notebook 15.6 Lite (Intel Core i5 8250U 1600 MHz/15.6""/1920x1080/8GB/1128GB HDD+SSD/DVD нет/NVIDIA GeForce MX110/Wi-Fi/Bluetooth/Windows 10 Home) White",46600,Xiaomi,China,ноутбук
202,#2408 Xiaomi Mi Mix 2S 6/128Gb Black Global,27590,Xiaomi,China,смартфон
203,#2285 OnePlus 6 8/128GB Midnight Black (черный матовый),26900,OnePlus,China,смартфон
204,#2642 Xiaomi Mi8 8/128GB Black,26500,Xiaomi,China,смартфон
205,#2675 LG V40 ThinQ 6/128Gb Серый,39540,LG,South Korea,смартфон
206,#2214 Samsung Galaxy S9+ 64Gb Черный бриллиант,36830,Samsung,South Korea,смартфон
207,#2713 Samsung Galaxy Watch Active Нежная Пудра,13110,Samsung,South Korea,умные часы
208,#2633 Xiaomi Mi Mix3 6/128Gb Black,30900,Xiaomi,China,смартфон
209,#2260 Наушники Beats X Wireless Black,7150,Beats,USA,Bluetooth-наушники с микрофоном
210,#2476 Apple iPhone Xs Max 512GB Dual SIM White,113990,Apple,USA,смартфон
211,#2474 Apple iPhone Xs Max 512GB Dual SIM Black,101000,Apple,USA,смартфон
212,#2481 Apple iPhone Xs 64GB Gold,71750,Apple,USA,смартфон
213,"#2748 Ноутбук Xiaomi Mi Notebook Air 13.3"" 2018 (Intel Core i5 8250U 1600 MHz/13.3""/1920x1080/8GB/256GB SSD/DVD нет/NVIDIA GeForce MX150/Wi-Fi/Bluetooth/Windows 10 Home) Gray Global",56490,Xiaomi,China,ноутбук
214,"#2722 Xiaomi Mi Gaming Laptop Enhanced Edition (Intel Core i5 8300H 2300 MHz/15.6""/1920x1080/8GB/1256GB HDD+SSD/NVIDIA GeForce GTX 1050 Ti/Windows 10 Home)",70000,Xiaomi,China,ноутбук
215,#1928 Samsung Galaxy S8 (SM-G950FD) Maple Gold (Желтый топаз),25450,Samsung,South Korea,смартфон
216,#2538 Xiaomi Mi8 6/64GB White Global,25490,Xiaomi,China,смартфон
217,#2220 Samsung Galaxy S9+ 128Gb Черный бриллиант,38750,Samsung,South Korea,смартфон
218,#2278 Xiaomi Redmi Note 5 4/64Gb Голубой,12300,Xiaomi,China,смартфон
219,#2323 GarmiH Forerunner 235 Gray,14290,GarmiH,USA,умные часы
220,#2737 Samsung Galaxy A50 128Gb Black,19670,Samsung,South Korea,смартфон
221,#2686 Samsung Galaxy S10 8/128Gb Аквамарин,53930,Samsung,South Korea,смартфон
222,#2298 LG V30+ Violet,27900,LG,South Korea,смартфон
223,"#2407 Ноутбук Xiaomi Mi Gaming Laptop (Intel Core i5 7300HQ 2500 MHz/15.6""/1920x1080/8GB/1128GB HDD+SSD/DVD нет/NVIDIA GeForce GTX 1060/Wi-Fi/Bluetooth/Windows 10 Home)",66800,Xiaomi,China,ноутбук
224,#2149 LG V30+ Blue,27900,LG,South Korea,смартфон
225,#2751 Apple Watch Series 4 GPS 44mm Space Gray Aluminum Case with Anthracite/Black Nike Sport Band,29670,Apple,USA,умные часы
226,#2140 LG V30+ Black,26280,LG,South Korea,смартфон
227,#2340 Xiaomi Mi8 6/256GB Black,25750,Xiaomi,China,смартфон
228,#2752 Redmi 7 3/32GB Red,9900,Xiaomi,China,смартфон
229,#2289 Samsung Galaxy S9 64Gb Титан (Snapdragon 845) ,39900,Samsung,South Korea,смартфон
230,#2288 Samsung Galaxy S9 64Gb Черный (Snapdragon 845) ,35450,Samsung,South Korea,смартфон
231,#2524 Sony Xperia XZ3 6/64Gb Black,37590,Sony,Japan,смартфон
232,#2498 Apple iPhone Xr 64GB Blue,49450,Apple,USA,смартфон
233,#2639 Samsung Galaxy Note 9 512Gb Lavender Purple (Розовый),57990,Samsung,South Korea,смартфон
234,#2617 Samsung Galaxy Note 9 512Gb Snapdragon Ocean Blue (Синий) ,62150,Samsung,South Korea,смартфон
235,#2337 Samsung Galaxy S9 128GB ультрафиолет,33650,Samsung,South Korea,смартфон
236,#2319 LG G7 ThinQ 128Gb Black,31800,LG,South Korea,смартфон
237,#2338 Samsung Galaxy S9 128GB синий коралл,38400,Samsung,South Korea,смартфон
238,#2531 Xiaomi Mi8 Lite 4/64GB Black,12410,Xiaomi,China,смартфон
239,#2114 Google Pixel 2 64Gb Clearly White,37700,Google,USA,смартфон
240,#2632 Наушники Xiaomi AirDots,4450,Xiaomi,China,Bluetooth-наушники с микрофоном
241,#2284 OnePlus 6 8/128GB Mirror Black (черный глянцевый),27190,OnePlus,China,смартфон
242,"#2724 Ноутбук Xiaomi Mi Gaming Laptop Enhanced Edition (Intel Core i7 8750H 2200 MHz/15.6""/1920x1080/16GB/1256GB HDD+SSD/DVD нет/NVIDIA GeForce GTX 1060/Wi-Fi/Bluetooth/Windows 10 Home)",93750,Xiaomi,China,ноутбук
243,#2321 Xiaomi Mi8 6/128GB Gold,24550,Xiaomi,China,смартфон
244,#2212 Samsung Galaxy S9+ 256Gb Coral Blue,52530,Samsung,South Korea,смартфон
245,#2753 Redmi 7 3/32GB Blue,8970,Xiaomi,China,смартфон
246,#2419 Samsung Galaxy Note 9 128GB Metallic Copper (Медь),45500,Samsung,South Korea,смартфон
247,#2738 Xiaomi Redmi Note 7 4/128Gb Black Global,15580,Xiaomi,China,смартфон
248,#2703 Samsung Galaxy Buds Черные,8840,Samsung,South Korea,Bluetooth-наушники с микрофоном
249,#2489 Apple Watch Series 4 GPS 40mm Space Gray Aluminum Case with Black Sport Band (MU662),31550,Apple,USA,умные часы
250,#2615 Apple iPhone Xr 128GB Blue,53300,Apple,USA,смартфон
251,#2070 Samsung Galaxy Note 8 64Gb Orchid Gray,32000,Samsung,South Korea,смартфон
252,#2228 GarmiH Fenix 5 Sapphire black,42990,GarmiH,USA,умные часы
253,#2342 Sony Xperia XZ2 Silver,35980,Sony,Japan,смартфон
254,#2451 Xiaomi Mi8 6/128GB Blue Global,27990,Xiaomi,China,смартфон
255,#2256 LG V30+ Blue Bang&Olufsen,27900,LG,South Korea,смартфон
256,#2725 Xiaomi Mi9 6/64GB Black Global,33540,Xiaomi,China,смартфон
257,#2257 LG V30+ Silver Bang&Olufsen,25900,LG,South Korea,смартфон
258,#2155 LG G6 64GB gold,24680,LG,South Korea,смартфон
259,#2674 LG V40 ThinQ 6/128Gb Синий,39290,LG,South Korea,смартфон
260,#2222 Samsung	Galaxy S9+ 256Gb Черный бриллиант,53300,Samsung,South Korea,смартфон
261,#2533 Xiaomi Mi8 Lite 6/128GB Blue,17770,Xiaomi,China,смартфон
262,#2255 LG V30+ Black Bang&Olufsen,25660,LG,South Korea,смартфон
263,#2566 Apple iPhone Xr 128GB White,55800,Apple,USA,смартфон
264,#2457 Xiaomi Mi8 6/128GB Black Global,27490,Xiaomi,China,смартфон
265,"#2698 Ноутбук Xiaomi Mi Notebook 15.6 Lite (Intel Core i5 8250U 1600 MHz/15.6""/1920x1080/4GB/1128GB HDD+SSD/DVD нет/NVIDIA GeForce MX110/Wi-Fi/Bluetooth/Windows 10 Home)",44200,Xiaomi,China,ноутбук
266,#2418 Samsung Galaxy Note 9 128GB Ocean Blue (Синий),43900,Samsung,South Korea,смартфон
267,#2671 Apple iPhone Xr 128GB Dual Sim Blue,55490,Apple,USA,смартфон
268,#2727 Xiaomi Mi9 6/64GB Purple,37990,Xiaomi,China,смартфон
269,#2135 Смарт часы Samsung Gear Sport black,12010,Samsung,South Korea,умные часы
270,#2620 Xiaomi Mi8 Pro 8/128Gb Transparent Titanium,34030,Xiaomi,China,смартфон
271,#2402 Sony Xperia XZ2 Premium Black,49490,Sony,Japan,смартфон
272,#2399 Наушники Samsung Gear IconX (2018) Gray,9900,Samsung,South Korea,Bluetooth-наушники с микрофоном
273,#2223 Samsung Galaxy S9 64Gb Титан,32200,Samsung,South Korea,смартфон
